2026-10-07 09:27:58;23.0;47.2
2026-10-07 09:32:59;22.7;47.7
2026-10-07 09:38:01;22.5;48.0
2026-10-07 09:43:02;22.6;47.8
2026-10-07 09:48:05;22.6;48.1
2026-10-07 09:53:07;22.8;47.8
2026-10-07 09:58:08;22.8;47.7
2026-10-07 10:03:10;22.6;48.2
2026-10-07 10:08:13;22.5;48.1
2026-10-07 10:13:15;22.5;48.2
2026-10-07 10:18:16;22.5;48.3
2026-10-07 10:23:17;22.3;48.1
2026-10-07 10:28:19;21.9;48.9
2026-10-07 10:33:22;22.3;48.2
2026-10-07 10:38:24;23.3;45.8
2026-10-07 10:43:25;23.6;45.3
2026-10-07 10:48:27;23.8;45.4
2026-10-07 10:53:28;23.7;45.5
2026-10-07 10:58:29;23.8;45.8
2026-10-07 11:03:31;23.9;45.7
2026-10-07 11:08:32;23.8;45.9
2026-10-07 11:13:36;23.8;46.0
2026-10-07 11:18:37;23.7;47.1
2026-10-07 11:23:39;22.6;49.9
2026-10-07 11:28:42;22.5;50.3
2026-10-07 11:33:43;22.5;50.5
2026-10-07 11:38:45;22.5;50.6
2026-10-07 11:43:46;22.6;50.5
2026-10-07 11:48:50;22.6;50.8
2026-10-07 11:53:53;22.6;50.9
2026-10-07 11:58:55;22.6;50.9
2026-10-07 12:03:56;22.6;50.9
2026-10-07 12:08:58;22.6;50.9
2026-10-07 12:13:59;22.7;51.0
2026-10-07 12:19:00;22.7;50.6
2026-10-07 12:24:04;22.7;50.2
2026-10-07 12:29:07;22.7;50.4
2026-10-07 12:34:08;22.7;50.3
2026-10-07 12:39:08;22.7;50.3
2026-10-07 12:44:11;22.7;50.8
2026-10-07 12:49:12;22.6;51.0
2026-10-07 12:54:14;22.6;51.5
2026-10-07 12:59:15;22.6;51.1
2026-10-07 13:04:17;22.5;51.0
2026-10-07 13:09:20;22.5;51.1
2026-10-07 13:14:24;22.5;51.3
2026-10-07 13:19:27;22.5;51.3
2026-10-07 13:24:28;22.5;51.3
2026-10-07 13:29:30;22.5;51.1
2026-10-07 13:34:31;22.5;51.1
2026-10-07 13:39:33;22.5;51.0
2026-10-07 13:44:34;22.5;51.1
2026-10-07 13:49:36;22.5;51.0
2026-10-07 13:54:39;22.5;51.3
2026-10-07 13:59:40;22.7;51.2
2026-10-07 14:04:42;22.7;51.0
2026-10-07 14:09:43;22.8;50.9
